NAMES,Emails,Phone
Kum,kum@helpinghands.cm,673627945
Kistus,kistus@helpinghands.cm,673627945
Noah,noah@helpinghands.cm,673627945
Prizor,prizor@helpinghands.cm,673627945
Frederick,fredreick@helpinghands.cm,673627945
Ronny,ronny@helpinghands.cm,673627945
George,george@helpinghands.cm,673627945
Justus,justus@helpinghands.cm,673627945
Justine,justine@helpinghands.cm,673627945
Tchong,tchong@helpinghands.cm,673627945
Micheale,micheale@helpinghands.cm,673627945
Rene,rene@helpinghands.cm,673627945
Judith,judith@helpinghands.cm,673627945
Velma,velma@helpinghands.cm,673627945
Elisa,elisa@helpinghands.cm,673627945
Fueh,fueh@helpinghands.cm,673627945
Vanessa,vanessa@helpinghands.cm,673627945
Happiness,happiness@helpinghands.cm,673627945
Philip,philip@helpinghands.cm,673627945
Mercy,mercy@helpinghands.cm,673627945
Lucie,lucie@helpinghands.cm,673627945
Pascal,pascal@helpinghands.cm,673627945
Eric,eric@helpinghands.cm,673627945
Erica,erica@helpinghands.cm,673627945
Yvette,yvette@helpinghands.cm,673627945
Fueh,fueh@helpinghands.cm,673627945
Peter,peter@helpinghands.cm,673627945
Paul,paul@helpinghands.cm,673627945
Ndum,ndum@helpinghands.cm,673627945
