NAMES,Emails,Phone
Kum,kum@handsinhands.org,673627945
Kistus,kistus@handsinhands.org,673627945
Noah,noah@handsinhands.org,673627945
Prizor,prizor@handsinhands.org,673627945
Frederick,fredreick@handsinhands.org,673627945
Ronny,ronny@handsinhands.org,673627945
George,george@handsinhands.org,673627945
Justus,justus@handsinhands.org,673627945
Justine,justine@handsinhands.org,673627945
Tchong,tchong@handsinhands.org,673627945
Micheale,micheale@handsinhands.org,673627945
Rene,rene@handsinhands.org,673627945
Judith,judith@handsinhands.org,673627945
Velma,velma@handsinhands.org,673627945
Elisa,elisa@handsinhands.org,673627945
Fueh,fueh@handsinhands.org,673627945
Vanessa,vanessa@handsinhands.org,673627945
Happiness,happiness@handsinhands.org,673627945
Philip,philip@handsinhands.org,673627945
Mercy,mercy@handsinhands.org,673627945
Lucie,lucie@handsinhands.org,673627945
Pascal,pascal@handsinhands.org,673627945
Eric,eric@handsinhands.org,673627945
Erica,erica@handsinhands.org,673627945
Yvette,yvette@handsinhands.org,673627945
Fueh,fueh@handsinhands.org,673627945
Peter,peter@handsinhands.org,673627945
Paul,paul@handsinhands.org,673627945
Ndum,ndum@handsinhands.org,673627945
